,face,body,background
face,0.39123062015503873,0.31419573643410853,0.29457364341085274
body,0.017137420614327725,0.5238218795561815,0.4590406998294907
background,0.00688289301563627,0.22772840079709525,0.7653887061872685
